"field_name","form_name","section_header","field_type","field_label","select_choices_or_calculations","field_note","text_validation_type_or_show_slider_number","text_validation_min","text_validation_max","identifier","branching_logic","required_field","custom_alignment","question_number","matrix_group_name","matrix_ranking","field_annotation"
"final_microbleed","final_score",,"radio","Number of microbleeds","0, 0 | 1, 1 | 2, 2-4 | 3, 5-10 | 4, >10",,,,,,"",,,,,,
"final_microbleed_location","final_score",,"checkbox","Location of microbleeds","1, Lobar/periferal | 2, Central/deep | 3, Infratentorial",,,,,,"",,,,,,
"final_siderose","final_score",,"radio","<div class=""rich-text-field-label""><p>Superficiel siderose<br /><br /><span style=""font-weight: normal;"">Et par <a href=""https://radiopaedia.org/articles/superficial-siderosis-1"" target=""_blank"" rel=""noopener"">cases på radiopedia.org</a></span></p></div>","0, No siderosis | 1, 1 sulcus | 2, > 1 sulci",,,,,,"",,,,,,
"final_lacunes","final_score","<div class=""rich-text-field-label""><h1 style=""text-align: center;""><span style=""background-color: #f1c40f;"">FLAIR</span></h1></div>","radio","<div class=""rich-text-field-label""><p>Number of lacunes (of suspected vascular origin)</p> <p> </p> <p><span style=""font-weight: normal;"">See reference at the bottom.</span></p></div>","0, 0 | 1, 1 | 2, 2 | 3, 3-5 | 4, >5",,,,,,"",,,,,,
"final_wmh","final_score",,"radio","<div class=""rich-text-field-label""><p>White matter hyperintensities (Fazekas score) - Deep (DWM)</p></div>","0, 0: Absent | 1, 1: Punctate foci | 2, 2: Beginning confluence | 3, 3: Large confluent areas",,,,,,"",,,,,,
"final_atrophy","final_score",,"radio","<div class=""rich-text-field-label""><p>Atrophy - GCA scale</p> <p><span style=""font-weight: normal;"">The score for each region can range from 0 to 3 accordingly to the following criteria:</span></p> <ul> <li><span style=""font-weight: normal;"">0: normal volume/no ventricular enlargement</span></li> <li><span style=""font-weight: normal;"">1: opening of sulci/mild ventricular enlargement</span></li> <li><span style=""font-weight: normal;"">2: volume loss of gyri/moderate ventricular enlargement</span></li> <li><span style=""font-weight: normal;"">3: 'knife blade' atrophy/severe ventricular enlargement</span></li> </ul> <p><span style=""font-weight: normal;""><a href=""https://radiopaedia.org/articles/global-cortical-atrophy-scale?lang=us"" target=""_blank"" rel=""noopener"">Reference på Radiopedia</a></span></p> <p><a href=""https://www.ncbi.nlm.nih.gov/books/NBK554327/figure/ch11.Fig3/"" target=""_blank"" rel=""noopener""><span style=""font-weight: normal;"">Reference til billede</span></a></p></div>","0, 0: No atrophy | 1, 1: Mild | 2, 2: Moderate | 3, 3: Severe",,,,,,"",,,,,,
"final_consensus","final_score",,"radio","final_consensus","1, agreed | 2, consensus | 3, disagree",,,,,,,,,,,,
