<?xml version="1.0" encoding="utf-8" ?>
<!DOCTYPE article PUBLIC "-//NLM//DTD JATS (Z39.96) Journal Archiving
and Interchange DTD v1.2 20190208//EN" "JATS-archivearticle1.dtd">

<article xmlns:mml="http://www.w3.org/1998/Math/MathML" xmlns:xlink="http://www.w3.org/1999/xlink" dtd-version="1.2" article-type="other">

<front>


<article-meta>


<title-group>
<article-title>Physical activity as an effect modificator of lifestyle
factors on small vessel deisease burden</article-title>
</title-group>

<contrib-group>
<contrib contrib-type="author" corresp="yes">
<contrib-id contrib-id-type="orcid">0000-0002-7559-1154</contrib-id>
<name>
<surname>Damsbo</surname>
<given-names>Andreas Gammelgaard</given-names>
</name>
<string-name>Andreas Gammelgaard Damsbo</string-name>

<email>andrlr@rm.dk</email>
<role vocab="https://credit.niso.org" vocab-term="writing – original
draft" vocab-term-identifier="https://credit.niso.org/contributor-roles/writing-original-draft/">writing</role>
<role>analysing</role>
<role>data collection</role>
<xref ref-type="aff" rid="dsc">a</xref>
<xref ref-type="aff" rid="dcm">b</xref>
<xref ref-type="aff" rid="sdc">c</xref>
<xref ref-type="corresp" rid="cor-1">&#x002A;</xref>
</contrib>
<contrib contrib-type="author">
<name>
<surname>Blauenfeldt</surname>
<given-names>Rolf Ankerlund</given-names>
</name>
<string-name>Rolf Ankerlund Blauenfeldt</string-name>

<xref ref-type="aff" rid="dsc">a</xref>
<xref ref-type="aff" rid="dcm">b</xref>
</contrib>
<contrib contrib-type="author">
<name>
<surname>Andersen</surname>
<given-names>Grethe</given-names>
</name>
<string-name>Grethe Andersen</string-name>

<xref ref-type="aff" rid="dsc">a</xref>
<xref ref-type="aff" rid="dcm">b</xref>
</contrib>
<contrib contrib-type="author">
<name>
<surname>Mortensen</surname>
<given-names>Janne Kaergaard</given-names>
</name>
<string-name>Janne Kaergaard Mortensen</string-name>

<xref ref-type="aff" rid="dsc">a</xref>
<xref ref-type="aff" rid="dcm">b</xref>
</contrib>
</contrib-group>
<aff id="dsc">
<institution content-type="dept">Aarhus University
Hospital</institution>
<institution-wrap>
<institution>Danish Stroke Centre</institution>
</institution-wrap>

<city>Aarhus</city>

<country>Denmark</country>


<ext-link ext-link-type="uri" xlink:href="https://www.en.auh.dk/departments/danish-stroke-centre/">https://www.en.auh.dk/departments/danish-stroke-centre/</ext-link>
</aff>
<aff id="dcm">
<institution content-type="dept">Aarhus University</institution>
<institution-wrap>
<institution>Department of Clinical Medicine</institution>
</institution-wrap>

<city>Aarhus</city>

<country>Denmark</country>


<ext-link ext-link-type="uri" xlink:href="https://clin.au.dk/">https://clin.au.dk/</ext-link>
</aff>
<aff id="sdc">
<institution content-type="dept">Aarhus University
Hospital</institution>
<institution-wrap>
<institution>Steno Diabetes Centre</institution>
</institution-wrap>

<city>Aarhus</city>

<country>Denmark</country>


<ext-link ext-link-type="uri" xlink:href="https://www.stenoaarhus.dk/">https://www.stenoaarhus.dk/</ext-link>
</aff>
<author-notes>
<corresp id="cor-1">andrlr@rm.dk</corresp>
</author-notes>









<history></history>


<abstract>
<p><bold>Background and aims</bold> Physical activity (PA) may reduce
the development of small vessel disease (SVD). The effect of physical
activity and more classical vascular risk factors such as hypertension
and diabetes in the development of SVD is debated, however. We aim to
investigate the effect modification of physical activity on traditional
vascular risk factors and the burden of small vessel disease among acute
ischemic stroke patients.</p>
<p><bold>Methods</bold> We have pooled patients from two clinical trials
on acute ischemic stroke treatment. The main outcome is an ordinal scale
score of quantified MR biomarkers of small vessel disease (SVD) burden
based on visually assessed acute stroke scans (T2* or SWI and FLAIR
sequences). Biomarkers includes microbleeds, old lacunar infarcts,
superficial siderosis, white matter hyperintensities and atrophy.
Covariates includes age, sex, pre-stroke physical activity, diabetes,
hypertension, atrial fibrillation and previous cardiovascular diseases.
Pre-stroke PA was assessed with a questionnaire on inclusion within a
few days after stroke onset. Data will be analyzed using bivariate and
multivariate linear regression analysis.</p>
<p><bold>Results</bold> We expect to include a total of around 1000
adult patients admitted to the comprehensive stroke centre at Aarhus
University Hospital between 2013-2022. Preliminary results will be
presented at ESOC 2024.</p>
<p><bold>Conclusions</bold> Physical activity may be an important factor
in modifying the risk of SVD development in stroke patients.</p>
</abstract>




</article-meta>

</front>

<body>
<sec id="introduction">
  <title>Introduction</title>
  <p>This is, for now, just a placeholder for upcoming article on
  physical activity as an effect modificator of lifestyle factors on the
  burden of small vessel disease in stroke patients.</p>
</sec>
<sec id="methods">
  <title>Methods</title>
  <p>This study is based on a pooled dataset from two different
  randomised, clinical trials on stroke patients.</p>
</sec>
<sec id="results">
  <title>Results</title>
  <p>Please refer to
  <xref alt="Figure 1" rid="fig-flowchart">Figure 1</xref> for an
  overview of subjects included for analysis.</p>
  <fig id="fig-flowchart">
    <caption><p>Figure 1: Flowchart of subject included for
    analysis</p></caption>
    <graphic mimetype="image" mime-subtype="png" xlink:href="index_files/figure-jats/dot-figure-3.png" />
  </fig>
</sec>
</body>

<back>
</back>

<sub-article article-type="notebook" id="nb-9-nb-article">
<front-stub>
<title-group>
<article-title>Physical activity as an effect modificator of lifestyle
factors on small vessel deisease burden</article-title>
</title-group>
<contrib-group>
<contrib contrib-type="author" corresp="yes">
<contrib-id contrib-id-type="orcid">0000-0002-7559-1154</contrib-id>
<name>
<surname>Damsbo</surname>
<given-names>Andreas Gammelgaard</given-names>
</name>
<string-name>Andreas Gammelgaard Damsbo</string-name>

<email>andrlr@rm.dk</email>
<role vocab="https://credit.niso.org" vocab-term="writing – original
draft" vocab-term-identifier="https://credit.niso.org/contributor-roles/writing-original-draft/">writing</role>
<role>analysing</role>
<role>data collection</role>
<xref ref-type="aff" rid="dsc-nb-article">a</xref>
<xref ref-type="aff" rid="dcm-nb-article">b</xref>
<xref ref-type="aff" rid="sdc-nb-article">c</xref>
<xref ref-type="corresp" rid="cor-1-nb-article">&#x002A;</xref>
</contrib>
<contrib contrib-type="author">
<name>
<surname>Blauenfeldt</surname>
<given-names>Rolf Ankerlund</given-names>
</name>
<string-name>Rolf Ankerlund Blauenfeldt</string-name>

<xref ref-type="aff" rid="dsc-nb-article">a</xref>
<xref ref-type="aff" rid="dcm-nb-article">b</xref>
</contrib>
<contrib contrib-type="author">
<name>
<surname>Andersen</surname>
<given-names>Grethe</given-names>
</name>
<string-name>Grethe Andersen</string-name>

<xref ref-type="aff" rid="dsc-nb-article">a</xref>
<xref ref-type="aff" rid="dcm-nb-article">b</xref>
</contrib>
<contrib contrib-type="author">
<name>
<surname>Mortensen</surname>
<given-names>Janne Kaergaard</given-names>
</name>
<string-name>Janne Kaergaard Mortensen</string-name>

<xref ref-type="aff" rid="dsc-nb-article">a</xref>
<xref ref-type="aff" rid="dcm-nb-article">b</xref>
</contrib>
</contrib-group>
<aff id="dsc-nb-article">
<institution content-type="dept">Aarhus University
Hospital</institution>
<institution-wrap>
<institution>Danish Stroke Centre</institution>
</institution-wrap>

<city>Aarhus</city>

<country>Denmark</country>


<ext-link ext-link-type="uri" xlink:href="https://www.en.auh.dk/departments/danish-stroke-centre/">https://www.en.auh.dk/departments/danish-stroke-centre/</ext-link>
</aff>
<aff id="dcm-nb-article">
<institution content-type="dept">Aarhus University</institution>
<institution-wrap>
<institution>Department of Clinical Medicine</institution>
</institution-wrap>

<city>Aarhus</city>

<country>Denmark</country>


<ext-link ext-link-type="uri" xlink:href="https://clin.au.dk/">https://clin.au.dk/</ext-link>
</aff>
<aff id="sdc-nb-article">
<institution content-type="dept">Aarhus University
Hospital</institution>
<institution-wrap>
<institution>Steno Diabetes Centre</institution>
</institution-wrap>

<city>Aarhus</city>

<country>Denmark</country>


<ext-link ext-link-type="uri" xlink:href="https://www.stenoaarhus.dk/">https://www.stenoaarhus.dk/</ext-link>
</aff>
<author-notes>
<corresp id="cor-1-nb-article">andrlr@rm.dk</corresp>
</author-notes>
<abstract>
<p><bold>Background and aims</bold> Physical activity (PA) may reduce
the development of small vessel disease (SVD). The effect of physical
activity and more classical vascular risk factors such as hypertension
and diabetes in the development of SVD is debated, however. We aim to
investigate the effect modification of physical activity on traditional
vascular risk factors and the burden of small vessel disease among acute
ischemic stroke patients.</p>
<p><bold>Methods</bold> We have pooled patients from two clinical trials
on acute ischemic stroke treatment. The main outcome is an ordinal scale
score of quantified MR biomarkers of small vessel disease (SVD) burden
based on visually assessed acute stroke scans (T2* or SWI and FLAIR
sequences). Biomarkers includes microbleeds, old lacunar infarcts,
superficial siderosis, white matter hyperintensities and atrophy.
Covariates includes age, sex, pre-stroke physical activity, diabetes,
hypertension, atrial fibrillation and previous cardiovascular diseases.
Pre-stroke PA was assessed with a questionnaire on inclusion within a
few days after stroke onset. Data will be analyzed using bivariate and
multivariate linear regression analysis.</p>
<p><bold>Results</bold> We expect to include a total of around 1000
adult patients admitted to the comprehensive stroke centre at Aarhus
University Hospital between 2013-2022. Preliminary results will be
presented at ESOC 2024.</p>
<p><bold>Conclusions</bold> Physical activity may be an important factor
in modifying the risk of SVD development in stroke patients.</p>
</abstract>
</front-stub>

<body>
<sec id="nb-code-cell-1-nb-article" specific-use="notebook-code">
<code language="r script">source(here::here(&quot;R/functions.R&quot;))</code>
</sec>
<sec id="introduction-nb-article">
  <title>Introduction</title>
  <p>This is, for now, just a placeholder for upcoming article on
  physical activity as an effect modificator of lifestyle factors on the
  burden of small vessel disease in stroke patients.</p>
</sec>
<sec id="methods-nb-article">
  <title>Methods</title>
  <p>This study is based on a pooled dataset from two different
  randomised, clinical trials on stroke patients.</p>
</sec>
<sec id="results-nb-article">
  <title>Results</title>
  <p>Please refer to
  <xref alt="Figure 1" rid="fig-flowchart-nb-article">Figure 1</xref> for an
  overview of subjects included for analysis.</p>
  <sec id="nb-code-cell-2-nb-article" specific-use="notebook-code">
  <fig id="fig-flowchart-nb-article">
    <caption><p>Figure 1: Flowchart of subject included for
    analysis</p></caption>
    <graphic mimetype="image" mime-subtype="png" xlink:href="index_files/figure-jats/dot-figure-3.png" />
  </fig>
  </sec>
</sec>
</body>



<back>
</back>


</sub-article>
<!-- (F2ED4C6E)[nb-1]:/home/runner/work/svd-modification/svd-modification/notebooks/flow.qmd -->
<sub-article article-type="notebook" id="nb-5-nb-2">
<front-stub>
<contrib-group>
<contrib contrib-type="author" corresp="yes">
<contrib-id contrib-id-type="orcid">0000-0002-7559-1154</contrib-id>
<name>
<surname>Damsbo</surname>
<given-names>Andreas Gammelgaard</given-names>
</name>
<string-name>Andreas Gammelgaard Damsbo</string-name>

<email>andrlr@rm.dk</email>
<role vocab="https://credit.niso.org" vocab-term="writing – original
draft" vocab-term-identifier="https://credit.niso.org/contributor-roles/writing-original-draft/">writing</role>
<role>analysing</role>
<role>data collection</role>
<xref ref-type="aff" rid="dsc-nb-2">a</xref>
<xref ref-type="aff" rid="dcm-nb-2">b</xref>
<xref ref-type="aff" rid="sdc-nb-2">c</xref>
<xref ref-type="corresp" rid="cor-1-nb-2">&#x002A;</xref>
</contrib>
<contrib contrib-type="author">
<name>
<surname>Blauenfeldt</surname>
<given-names>Rolf Ankerlund</given-names>
</name>
<string-name>Rolf Ankerlund Blauenfeldt</string-name>

<xref ref-type="aff" rid="dsc-nb-2">a</xref>
<xref ref-type="aff" rid="dcm-nb-2">b</xref>
</contrib>
<contrib contrib-type="author">
<name>
<surname>Andersen</surname>
<given-names>Grethe</given-names>
</name>
<string-name>Grethe Andersen</string-name>

<xref ref-type="aff" rid="dsc-nb-2">a</xref>
<xref ref-type="aff" rid="dcm-nb-2">b</xref>
</contrib>
<contrib contrib-type="author">
<name>
<surname>Mortensen</surname>
<given-names>Janne Kaergaard</given-names>
</name>
<string-name>Janne Kaergaard Mortensen</string-name>

<xref ref-type="aff" rid="dsc-nb-2">a</xref>
<xref ref-type="aff" rid="dcm-nb-2">b</xref>
</contrib>
</contrib-group>
<aff id="dsc-nb-2">
<institution content-type="dept">Aarhus University
Hospital</institution>
<institution-wrap>
<institution>Danish Stroke Centre</institution>
</institution-wrap>

<city>Aarhus</city>

<country>Denmark</country>


<ext-link ext-link-type="uri" xlink:href="https://www.en.auh.dk/departments/danish-stroke-centre/">https://www.en.auh.dk/departments/danish-stroke-centre/</ext-link>
</aff>
<aff id="dcm-nb-2">
<institution content-type="dept">Aarhus University</institution>
<institution-wrap>
<institution>Department of Clinical Medicine</institution>
</institution-wrap>

<city>Aarhus</city>

<country>Denmark</country>


<ext-link ext-link-type="uri" xlink:href="https://clin.au.dk/">https://clin.au.dk/</ext-link>
</aff>
<aff id="sdc-nb-2">
<institution content-type="dept">Aarhus University
Hospital</institution>
<institution-wrap>
<institution>Steno Diabetes Centre</institution>
</institution-wrap>

<city>Aarhus</city>

<country>Denmark</country>


<ext-link ext-link-type="uri" xlink:href="https://www.stenoaarhus.dk/">https://www.stenoaarhus.dk/</ext-link>
</aff>
<author-notes>
<corresp id="cor-1-nb-2">andrlr@rm.dk</corresp>
</author-notes>
</front-stub>

<body>
<p>Attribution 4.0 International</p>
<p>=======================================================================</p>
<p>Creative Commons Corporation (“Creative Commons”) is not a law firm
and does not provide legal services or legal advice. Distribution of
Creative Commons public licenses does not create a lawyer-client or
other relationship. Creative Commons makes its licenses and related
information available on an “as-is” basis. Creative Commons gives no
warranties regarding its licenses, any material licensed under their
terms and conditions, or any related information. Creative Commons
disclaims all liability for damages resulting from their use to the
fullest extent possible.</p>
<p>Using Creative Commons Public Licenses</p>
<p>Creative Commons public licenses provide a standard set of terms and
conditions that creators and other rights holders may use to share
original works of authorship and other material subject to copyright and
certain other rights specified in the public license below. The
following considerations are for informational purposes only, are not
exhaustive, and do not form part of our licenses.</p>
<preformat> Considerations for licensors: Our public licenses are
 intended for use by those authorized to give the public
 permission to use material in ways otherwise restricted by
 copyright and certain other rights. Our licenses are
 irrevocable. Licensors should read and understand the terms
 and conditions of the license they choose before applying it.
 Licensors should also secure all rights necessary before
 applying our licenses so that the public can reuse the
 material as expected. Licensors should clearly mark any
 material not subject to the license. This includes other CC-
 licensed material, or material used under an exception or
 limitation to copyright. More considerations for licensors:
wiki.creativecommons.org/Considerations_for_licensors

 Considerations for the public: By using one of our public
 licenses, a licensor grants the public permission to use the
 licensed material under specified terms and conditions. If
 the licensor's permission is not necessary for any reason--for
 example, because of any applicable exception or limitation to
 copyright--then that use is not regulated by the license. Our
 licenses grant only permissions under copyright and certain
 other rights that a licensor has authority to grant. Use of
 the licensed material may still be restricted for other
 reasons, including because others have copyright or other
 rights in the material. A licensor may make special requests,
 such as asking that all changes be marked or described.
 Although not required by our licenses, you are encouraged to
 respect those requests where reasonable. More considerations
 for the public: 
wiki.creativecommons.org/Considerations_for_licensees</preformat>
<p>=======================================================================</p>
<p>Creative Commons Attribution 4.0 International Public License</p>
<p>By exercising the Licensed Rights (defined below), You accept and
agree to be bound by the terms and conditions of this Creative Commons
Attribution 4.0 International Public License (“Public License”). To the
extent this Public License may be interpreted as a contract, You are
granted the Licensed Rights in consideration of Your acceptance of these
terms and conditions, and the Licensor grants You such rights in
consideration of benefits the Licensor receives from making the Licensed
Material available under these terms and conditions.</p>
<p>Section 1 – Definitions.</p>
<list list-type="alpha-lower">
  <list-item>
    <p>Adapted Material means material subject to Copyright and Similar
    Rights that is derived from or based upon the Licensed Material and
    in which the Licensed Material is translated, altered, arranged,
    transformed, or otherwise modified in a manner requiring permission
    under the Copyright and Similar Rights held by the Licensor. For
    purposes of this Public License, where the Licensed Material is a
    musical work, performance, or sound recording, Adapted Material is
    always produced where the Licensed Material is synched in timed
    relation with a moving image.</p>
  </list-item>
  <list-item>
    <p>Adapter’s License means the license You apply to Your Copyright
    and Similar Rights in Your contributions to Adapted Material in
    accordance with the terms and conditions of this Public License.</p>
  </list-item>
  <list-item>
    <p>Copyright and Similar Rights means copyright and/or similar
    rights closely related to copyright including, without limitation,
    performance, broadcast, sound recording, and Sui Generis Database
    Rights, without regard to how the rights are labeled or categorized.
    For purposes of this Public License, the rights specified in Section
    2(b)(1)-(2) are not Copyright and Similar Rights.</p>
  </list-item>
  <list-item>
    <p>Effective Technological Measures means those measures that, in
    the absence of proper authority, may not be circumvented under laws
    fulfilling obligations under Article 11 of the WIPO Copyright Treaty
    adopted on December 20, 1996, and/or similar international
    agreements.</p>
  </list-item>
  <list-item>
    <p>Exceptions and Limitations means fair use, fair dealing, and/or
    any other exception or limitation to Copyright and Similar Rights
    that applies to Your use of the Licensed Material.</p>
  </list-item>
  <list-item>
    <p>Licensed Material means the artistic or literary work, database,
    or other material to which the Licensor applied this Public
    License.</p>
  </list-item>
  <list-item>
    <p>Licensed Rights means the rights granted to You subject to the
    terms and conditions of this Public License, which are limited to
    all Copyright and Similar Rights that apply to Your use of the
    Licensed Material and that the Licensor has authority to
    license.</p>
  </list-item>
  <list-item>
    <p>Licensor means the individual(s) or entity(ies) granting rights
    under this Public License.</p>
  </list-item>
  <list-item>
    <p>Share means to provide material to the public by any means or
    process that requires permission under the Licensed Rights, such as
    reproduction, public display, public performance, distribution,
    dissemination, communication, or importation, and to make material
    available to the public including in ways that members of the public
    may access the material from a place and at a time individually
    chosen by them.</p>
  </list-item>
  <list-item>
    <p>Sui Generis Database Rights means rights other than copyright
    resulting from Directive 96/9/EC of the European Parliament and of
    the Council of 11 March 1996 on the legal protection of databases,
    as amended and/or succeeded, as well as other essentially equivalent
    rights anywhere in the world.</p>
  </list-item>
  <list-item>
    <p>You means the individual or entity exercising the Licensed Rights
    under this Public License. Your has a corresponding meaning.</p>
  </list-item>
</list>
<p>Section 2 – Scope.</p>
<list list-type="alpha-lower">
  <list-item>
    <p>License grant.</p>
    <list list-type="order">
      <list-item>
        <p>Subject to the terms and conditions of this Public License,
        the Licensor hereby grants You a worldwide, royalty-free,
        non-sublicensable, non-exclusive, irrevocable license to
        exercise the Licensed Rights in the Licensed Material to:</p>
        <list list-type="alpha-lower">
          <list-item>
            <p>reproduce and Share the Licensed Material, in whole or in
            part; and</p>
          </list-item>
          <list-item>
            <p>produce, reproduce, and Share Adapted Material.</p>
          </list-item>
        </list>
      </list-item>
      <list-item>
        <p>Exceptions and Limitations. For the avoidance of doubt, where
        Exceptions and Limitations apply to Your use, this Public
        License does not apply, and You do not need to comply with its
        terms and conditions.</p>
      </list-item>
      <list-item>
        <p>Term. The term of this Public License is specified in Section
        6(a).</p>
      </list-item>
      <list-item>
        <p>Media and formats; technical modifications allowed. The
        Licensor authorizes You to exercise the Licensed Rights in all
        media and formats whether now known or hereafter created, and to
        make technical modifications necessary to do so. The Licensor
        waives and/or agrees not to assert any right or authority to
        forbid You from making technical modifications necessary to
        exercise the Licensed Rights, including technical modifications
        necessary to circumvent Effective Technological Measures. For
        purposes of this Public License, simply making modifications
        authorized by this Section 2(a)</p>
        <list list-type="order">
          <list-item>
            <label>(4)</label>
            <p>never produces Adapted Material.</p>
          </list-item>
        </list>
      </list-item>
      <list-item>
        <p>Downstream recipients.</p>
        <list list-type="alpha-lower">
          <list-item>
            <p>Offer from the Licensor – Licensed Material. Every
            recipient of the Licensed Material automatically receives an
            offer from the Licensor to exercise the Licensed Rights
            under the terms and conditions of this Public License.</p>
          </list-item>
          <list-item>
            <p>No downstream restrictions. You may not offer or impose
            any additional or different terms or conditions on, or apply
            any Effective Technological Measures to, the Licensed
            Material if doing so restricts exercise of the Licensed
            Rights by any recipient of the Licensed Material.</p>
          </list-item>
        </list>
      </list-item>
      <list-item>
        <p>No endorsement. Nothing in this Public License constitutes or
        may be construed as permission to assert or imply that You are,
        or that Your use of the Licensed Material is, connected with, or
        sponsored, endorsed, or granted official status by, the Licensor
        or others designated to receive attribution as provided in
        Section 3(a)(1)(A)(i).</p>
      </list-item>
    </list>
  </list-item>
  <list-item>
    <p>Other rights.</p>
    <list list-type="order">
      <list-item>
        <p>Moral rights, such as the right of integrity, are not
        licensed under this Public License, nor are publicity, privacy,
        and/or other similar personality rights; however, to the extent
        possible, the Licensor waives and/or agrees not to assert any
        such rights held by the Licensor to the limited extent necessary
        to allow You to exercise the Licensed Rights, but not
        otherwise.</p>
      </list-item>
      <list-item>
        <p>Patent and trademark rights are not licensed under this
        Public License.</p>
      </list-item>
      <list-item>
        <p>To the extent possible, the Licensor waives any right to
        collect royalties from You for the exercise of the Licensed
        Rights, whether directly or through a collecting society under
        any voluntary or waivable statutory or compulsory licensing
        scheme. In all other cases the Licensor expressly reserves any
        right to collect such royalties.</p>
      </list-item>
    </list>
  </list-item>
</list>
<p>Section 3 – License Conditions.</p>
<p>Your exercise of the Licensed Rights is expressly made subject to the
following conditions.</p>
<list list-type="alpha-lower">
  <list-item>
    <p>Attribution.</p>
    <list list-type="order">
      <list-item>
        <p>If You Share the Licensed Material (including in modified
        form), You must:</p>
        <list list-type="alpha-lower">
          <list-item>
            <p>retain the following if it is supplied by the Licensor
            with the Licensed Material:</p>
            <list list-type="roman-lower">
              <list-item>
                <p>identification of the creator(s) of the Licensed
                Material and any others designated to receive
                attribution, in any reasonable manner requested by the
                Licensor (including by pseudonym if designated);</p>
              </list-item>
              <list-item>
                <p>a copyright notice;</p>
              </list-item>
              <list-item>
                <p>a notice that refers to this Public License;</p>
              </list-item>
              <list-item>
                <p>a notice that refers to the disclaimer of
                warranties;</p>
              </list-item>
              <list-item>
                <p>a URI or hyperlink to the Licensed Material to the
                extent reasonably practicable;</p>
              </list-item>
            </list>
          </list-item>
          <list-item>
            <p>indicate if You modified the Licensed Material and retain
            an indication of any previous modifications; and</p>
          </list-item>
          <list-item>
            <p>indicate the Licensed Material is licensed under this
            Public License, and include the text of, or the URI or
            hyperlink to, this Public License.</p>
          </list-item>
        </list>
      </list-item>
      <list-item>
        <p>You may satisfy the conditions in Section 3(a)(1) in any
        reasonable manner based on the medium, means, and context in
        which You Share the Licensed Material. For example, it may be
        reasonable to satisfy the conditions by providing a URI or
        hyperlink to a resource that includes the required
        information.</p>
      </list-item>
      <list-item>
        <p>If requested by the Licensor, You must remove any of the
        information required by Section 3(a)(1)(A) to the extent
        reasonably practicable.</p>
      </list-item>
      <list-item>
        <p>If You Share Adapted Material You produce, the Adapter’s
        License You apply must not prevent recipients of the Adapted
        Material from complying with this Public License.</p>
      </list-item>
    </list>
  </list-item>
</list>
<p>Section 4 – Sui Generis Database Rights.</p>
<p>Where the Licensed Rights include Sui Generis Database Rights that
apply to Your use of the Licensed Material:</p>
<list list-type="alpha-lower">
  <list-item>
    <p>for the avoidance of doubt, Section 2(a)(1) grants You the right
    to extract, reuse, reproduce, and Share all or a substantial portion
    of the contents of the database;</p>
  </list-item>
  <list-item>
    <p>if You include all or a substantial portion of the database
    contents in a database in which You have Sui Generis Database
    Rights, then the database in which You have Sui Generis Database
    Rights (but not its individual contents) is Adapted Material;
    and</p>
  </list-item>
  <list-item>
    <p>You must comply with the conditions in Section 3(a) if You Share
    all or a substantial portion of the contents of the database.</p>
  </list-item>
</list>
<p>For the avoidance of doubt, this Section 4 supplements and does not
replace Your obligations under this Public License where the Licensed
Rights include other Copyright and Similar Rights.</p>
<p>Section 5 – Disclaimer of Warranties and Limitation of Liability.</p>
<list list-type="alpha-lower">
  <list-item>
    <p>UNLESS OTHERWISE SEPARATELY UNDERTAKEN BY THE LICENSOR, TO THE
    EXTENT POSSIBLE, THE LICENSOR OFFERS THE LICENSED MATERIAL AS-IS AND
    AS-AVAILABLE, AND MAKES NO REPRESENTATIONS OR WARRANTIES OF ANY KIND
    CONCERNING THE LICENSED MATERIAL, WHETHER EXPRESS, IMPLIED,
    STATUTORY, OR OTHER. THIS INCLUDES, WITHOUT LIMITATION, WARRANTIES
    OF TITLE, MERCHANTABILITY, FITNESS FOR A PARTICULAR PURPOSE,
    NON-INFRINGEMENT, ABSENCE OF LATENT OR OTHER DEFECTS, ACCURACY, OR
    THE PRESENCE OR ABSENCE OF ERRORS, WHETHER OR NOT KNOWN OR
    DISCOVERABLE. WHERE DISCLAIMERS OF WARRANTIES ARE NOT ALLOWED IN
    FULL OR IN PART, THIS DISCLAIMER MAY NOT APPLY TO YOU.</p>
  </list-item>
  <list-item>
    <p>TO THE EXTENT POSSIBLE, IN NO EVENT WILL THE LICENSOR BE LIABLE
    TO YOU ON ANY LEGAL THEORY (INCLUDING, WITHOUT LIMITATION,
    NEGLIGENCE) OR OTHERWISE FOR ANY DIRECT, SPECIAL, INDIRECT,
    INCIDENTAL, CONSEQUENTIAL, PUNITIVE, EXEMPLARY, OR OTHER LOSSES,
    COSTS, EXPENSES, OR DAMAGES ARISING OUT OF THIS PUBLIC LICENSE OR
    USE OF THE LICENSED MATERIAL, EVEN IF THE LICENSOR HAS BEEN ADVISED
    OF THE POSSIBILITY OF SUCH LOSSES, COSTS, EXPENSES, OR DAMAGES.
    WHERE A LIMITATION OF LIABILITY IS NOT ALLOWED IN FULL OR IN PART,
    THIS LIMITATION MAY NOT APPLY TO YOU.</p>
  </list-item>
  <list-item>
    <p>The disclaimer of warranties and limitation of liability provided
    above shall be interpreted in a manner that, to the extent possible,
    most closely approximates an absolute disclaimer and waiver of all
    liability.</p>
  </list-item>
</list>
<p>Section 6 – Term and Termination.</p>
<list list-type="alpha-lower">
  <list-item>
    <p>This Public License applies for the term of the Copyright and
    Similar Rights licensed here. However, if You fail to comply with
    this Public License, then Your rights under this Public License
    terminate automatically.</p>
  </list-item>
  <list-item>
    <p>Where Your right to use the Licensed Material has terminated
    under Section 6(a), it reinstates:</p>
    <list list-type="order">
      <list-item>
        <p>automatically as of the date the violation is cured, provided
        it is cured within 30 days of Your discovery of the violation;
        or</p>
      </list-item>
      <list-item>
        <p>upon express reinstatement by the Licensor.</p>
      </list-item>
    </list>
    <p>For the avoidance of doubt, this Section 6(b) does not affect any
    right the Licensor may have to seek remedies for Your violations of
    this Public License.</p>
  </list-item>
  <list-item>
    <p>For the avoidance of doubt, the Licensor may also offer the
    Licensed Material under separate terms or conditions or stop
    distributing the Licensed Material at any time; however, doing so
    will not terminate this Public License.</p>
  </list-item>
  <list-item>
    <p>Sections 1, 5, 6, 7, and 8 survive termination of this Public
    License.</p>
  </list-item>
</list>
<p>Section 7 – Other Terms and Conditions.</p>
<list list-type="alpha-lower">
  <list-item>
    <p>The Licensor shall not be bound by any additional or different
    terms or conditions communicated by You unless expressly agreed.</p>
  </list-item>
  <list-item>
    <p>Any arrangements, understandings, or agreements regarding the
    Licensed Material not stated herein are separate from and
    independent of the terms and conditions of this Public License.</p>
  </list-item>
</list>
<p>Section 8 – Interpretation.</p>
<list list-type="alpha-lower">
  <list-item>
    <p>For the avoidance of doubt, this Public License does not, and
    shall not be interpreted to, reduce, limit, restrict, or impose
    conditions on any use of the Licensed Material that could lawfully
    be made without permission under this Public License.</p>
  </list-item>
  <list-item>
    <p>To the extent possible, if any provision of this Public License
    is deemed unenforceable, it shall be automatically reformed to the
    minimum extent necessary to make it enforceable. If the provision
    cannot be reformed, it shall be severed from this Public License
    without affecting the enforceability of the remaining terms and
    conditions.</p>
  </list-item>
  <list-item>
    <p>No term or condition of this Public License will be waived and no
    failure to comply consented to unless expressly agreed to by the
    Licensor.</p>
  </list-item>
  <list-item>
    <p>Nothing in this Public License constitutes or may be interpreted
    as a limitation upon, or waiver of, any privileges and immunities
    that apply to the Licensor or You, including from the legal
    processes of any jurisdiction or authority.</p>
  </list-item>
</list>
<p>=======================================================================</p>
<p>Creative Commons is not a party to its public licenses.
Notwithstanding, Creative Commons may elect to apply one of its public
licenses to material it publishes and in those instances will be
considered the “Licensor.” The text of the Creative Commons public
licenses is dedicated to the public domain under the CC0 Public Domain
Dedication. Except for the limited purpose of indicating that material
is shared under a Creative Commons public license or as otherwise
permitted by the Creative Commons policies published at
creativecommons.org/policies, Creative Commons does not authorize the
use of the trademark “Creative Commons” or any other trademark or logo
of Creative Commons without its prior written consent including, without
limitation, in connection with any unauthorized modifications to any of
its public licenses or any other arrangements, understandings, or
agreements concerning use of licensed material. For the avoidance of
doubt, this paragraph does not form part of the public licenses.</p>
<p>Creative Commons may be contacted at creativecommons.org.</p>
</body>



<back>
</back>


</sub-article>

</article>