{
  "hash": "3f9409baa9ebafc0d5d01d43e0552eac",
  "result": {
    "engine": "knitr",
    "markdown": "---\ntitle: Physical activity as an effect modificator of lifestyle factors on small vessel deisease burden\nbibliography: references.bib\nabstract: |\n  **Background and aims** \n  Physical activity (PA) may reduce the development of small vessel disease (SVD). The effect of physical activity and more classical vascular risk factors such as hypertension and diabetes in the development of SVD is debated, however. We aim to investigate the effect modification of physical activity on traditional vascular risk factors and the burden of small vessel disease among acute ischemic stroke patients.\n  \n  **Methods**\n  We have pooled patients from two clinical trials on acute ischemic stroke treatment. The main outcome is an ordinal scale score of quantified MR biomarkers of small vessel disease (SVD) burden based on visually assessed acute stroke scans (T2* or SWI and FLAIR sequences). Biomarkers includes microbleeds, old lacunar infarcts, superficial siderosis, white matter hyperintensities and atrophy. Covariates includes age, sex, pre-stroke physical activity, diabetes, hypertension, atrial fibrillation and previous cardiovascular diseases. \n  Pre-stroke PA was assessed with a questionnaire on inclusion within a few days after stroke onset. Data will be analyzed using bivariate and multivariate linear regression analysis.\n\n  **Results**\n  We expect to include a total of around 1000 adult patients admitted to the comprehensive stroke centre at Aarhus University Hospital between 2013-2022. Preliminary results will be presented at ESOC 2024.\n  \n  **Conclusions**\n  Physical activity may be an important factor in modifying the risk of SVD development in stroke patients.\n---\n\n::: {.cell}\n\n```{.r .cell-code .hidden}\nsource(here::here(\"R/functions.R\"))\n```\n:::\n\n\n## Introduction\n\nThis is, for now, just a placeholder for upcoming article on physical activity as an effect modificator of lifestyle factors on the burden of small vessel disease in stroke patients.\n\n## Methods\n\nThis study is based on a pooled dataset from two different randomised, clinical trials on stroke patients.\n\n## Results\n\nPlease refer to @fig-flowchart for an overview of subjects included for analysis.\n\n\n```{dot}\n//| label: fig-flowchart\n//| fig-cap: \"Flowchart of subject included for analysis\"\n//| file: images/flow.dot\ndigraph consort_diagram {\n  graph [layout = dot]\n\nnode [shape = rectangle, style = \"rounded,filled\", fillcolor = \"#A9C7FD\" color = \"#4F81BD\"]\nlabel4 [label = \"Pooled subjects with AIS\"]\nlabel5 [label = \"Subjects available for analysis\"]\n\n\nedge[style=invis];\nlabel4 -> label5;\n\n\n# node definitions with substituted label text\n  node [shape = rectangle, fillcolor = Biege, style=\"\", fillcolor = \"\", color = \"\"]\n\nnode1 [label = \"All subjects (n=1055)\"]\nnode2 [label = \"Excluded (n=518):\\l• Manglende billeder (n=97)\\l• Not yet assessed (n=421)\\l\"]\nnode3 [label = \"Final dataset (n=537)\"]\n\n\n## Invisible point node for joints\n\nnode [shape = point, width = 0]\n\nP1\n\nsubgraph {\n  rank = same; rankdir = LR; label4;  node1;\n  }\nsubgraph {\n  rank = same; rankdir = LR; P1; node2;\n  }\nsubgraph {\n  rank = same; rankdir = LR; label5; node3;\n  }\n\nedge[style=\"\"];\n\nnode1 -> P1 [arrowhead = none];\nP1 -> node2;\nP1 -> node3;\n\n\n\n}\n\n```",
    "supporting": [
      "index_files"
    ],
    "filters": [
      "rmarkdown/pagebreak.lua"
    ],
    "includes": {},
    "engineDependencies": {},
    "preserve": {},
    "postProcess": true
  }
}